what,kind,bundleId,bundleVersion,description,time
executed,command,com.mulgasoft.emacsplus,3.6.5,"com.mulgasoft.emacsplus.forwardChar",1355457648174
executed,command,org.eclipse.ui.workbench.texteditor,3.7.0.v20110928-1504,"org.eclipse.ui.edit.text.goto.columnNext",1355457648205
executed,command,com.mulgasoft.emacsplus,3.6.5,"com.mulgasoft.emacsplus.forwardChar",1355457648205
executed,command,org.eclipse.ui.workbench.texteditor,3.7.0.v20110928-1504,"org.eclipse.ui.edit.text.goto.columnNext",1355457648235
executed,command,com.mulgasoft.emacsplus,3.6.5,"com.mulgasoft.emacsplus.forwardChar",1355457648235
executed,command,org.eclipse.ui.workbench.texteditor,3.7.0.v20110928-1504,"org.eclipse.ui.edit.text.goto.columnNext",1355457648265
executed,command,com.mulgasoft.emacsplus,3.6.5,"com.mulgasoft.emacsplus.forwardChar",1355457648265
executed,command,org.eclipse.ui.workbench.texteditor,3.7.0.v20110928-1504,"org.eclipse.ui.edit.text.goto.columnNext",1355457648295
executed,command,com.mulgasoft.emacsplus,3.6.5,"com.mulgasoft.emacsplus.forwardChar",1355457648296
executed,command,org.eclipse.ui.workbench.texteditor,3.7.0.v20110928-1504,"org.eclipse.ui.edit.text.goto.columnNext",1355457648325
executed,command,com.mulgasoft.emacsplus,3.6.5,"com.mulgasoft.emacsplus.forwardChar",1355457648325
executed,command,org.eclipse.ui.workbench.texteditor,3.7.0.v20110928-1504,"org.eclipse.ui.edit.text.goto.columnNext",1355457648355
executed,command,com.mulgasoft.emacsplus,3.6.5,"com.mulgasoft.emacsplus.forwardChar",1355457648355
executed,command,org.eclipse.ui.workbench.texteditor,3.7.0.v20110928-1504,"org.eclipse.ui.edit.text.goto.columnNext",1355457648385
executed,command,com.mulgasoft.emacsplus,3.6.5,"com.mulgasoft.emacsplus.forwardChar",1355457648385
executed,command,org.eclipse.ui.workbench.texteditor,3.7.0.v20110928-1504,"org.eclipse.ui.edit.text.goto.columnNext",1355457648414
executed,command,com.mulgasoft.emacsplus,3.6.5,"com.mulgasoft.emacsplus.forwardChar",1355457648414
executed,command,org.eclipse.ui.workbench.texteditor,3.7.0.v20110928-1504,"org.eclipse.ui.edit.text.goto.columnNext",1355457648445
executed,command,com.mulgasoft.emacsplus,3.6.5,"com.mulgasoft.emacsplus.forwardChar",1355457648445
executed,command,org.eclipse.ui.workbench.texteditor,3.7.0.v20110928-1504,"org.eclipse.ui.edit.text.goto.columnNext",1355457648476
executed,command,com.mulgasoft.emacsplus,3.6.5,"com.mulgasoft.emacsplus.forwardChar",1355457648476
executed,command,org.eclipse.ui,3.7.0.v20110928-1505,"org.eclipse.ui.file.save",1355457649980
activated,view,org.eclipse.jdt.ui,3.7.2.v20120109-1427,"org.eclipse.jdt.ui.PackageExplorer",1355457655151
deactivated,workbench,org.eclipse.ui.workbench,3.7.1.v20120104-1859,"",1355457657056
activated,workbench,org.eclipse.ui.workbench,3.7.1.v20120104-1859,"",1355457707121
activated,editor,org.eclipse.jdt.ui,3.7.2.v20120109-1427,"org.eclipse.jdt.ui.CompilationUnitEditor",1355457707622
executed,command,org.eclipse.ui,3.7.0.v20110928-1505,"org.eclipse.ui.file.save",1355457745891
executed,command,org.eclipse.ui,3.7.0.v20110928-1505,"org.eclipse.ui.file.save",1355457754852
executed,command,org.eclipse.ui.workbench.texteditor,3.7.0.v20110928-1504,"org.eclipse.ui.edit.text.goto.columnNext",1355457756774
executed,command,com.mulgasoft.emacsplus,3.6.5,"com.mulgasoft.emacsplus.forwardChar",1355457756774
executed,command,org.eclipse.ui.workbench.texteditor,3.7.0.v20110928-1504,"org.eclipse.ui.edit.text.goto.columnPrevious",1355457757742
executed,command,com.mulgasoft.emacsplus,3.6.5,"com.mulgasoft.emacsplus.backwardChar",1355457757742
executed,command,org.eclipse.ui.workbench.texteditor,3.7.0.v20110928-1504,"org.eclipse.ui.edit.text.goto.lineDown",1355457760430
executed,command,com.mulgasoft.emacsplus,3.6.5,"com.mulgasoft.emacsplus.nextLine",1355457760430
executed,command,org.eclipse.ui.workbench.texteditor,3.7.0.v20110928-1504,"org.eclipse.ui.edit.text.goto.columnNext",1355457760636
executed,command,com.mulgasoft.emacsplus,3.6.5,"com.mulgasoft.emacsplus.forwardChar",1355457760636
executed,command,org.eclipse.ui.workbench.texteditor,3.7.0.v20110928-1504,"org.eclipse.ui.edit.text.goto.columnNext",1355457760845
executed,command,com.mulgasoft.emacsplus,3.6.5,"com.mulgasoft.emacsplus.forwardChar",1355457760845
executed,command,org.eclipse.ui.workbench.texteditor,3.7.0.v20110928-1504,"org.eclipse.ui.edit.text.goto.columnNext",1355457761125
executed,command,com.mulgasoft.emacsplus,3.6.5,"com.mulgasoft.emacsplus.forwardChar",1355457761125
executed,command,org.eclipse.ui.workbench.texteditor,3.7.0.v20110928-1504,"org.eclipse.ui.edit.text.goto.lineDown",1355457766183
executed,command,com.mulgasoft.emacsplus,3.6.5,"com.mulgasoft.emacsplus.nextLine",1355457766183
executed,command,org.eclipse.ui.workbench.texteditor,3.7.0.v20110928-1504,"org.eclipse.ui.edit.text.goto.columnNext",1355457766563
executed,command,com.mulgasoft.emacsplus,3.6.5,"com.mulgasoft.emacsplus.forwardChar",1355457766564
executed,command,org.eclipse.ui.workbench.texteditor,3.7.0.v20110928-1504,"org.eclipse.ui.edit.text.goto.columnNext",1355457767181
executed,command,com.mulgasoft.emacsplus,3.6.5,"com.mulgasoft.emacsplus.forwardChar",1355457767181
executed,command,org.eclipse.ui.workbench.texteditor,3.7.0.v20110928-1504,"org.eclipse.ui.edit.text.goto.columnNext",1355457767397
executed,command,com.mulgasoft.emacsplus,3.6.5,"com.mulgasoft.emacsplus.forwardChar",1355457767397
executed,command,org.eclipse.ui.workbench.texteditor,3.7.0.v20110928-1504,"org.eclipse.ui.edit.text.goto.lineDown",1355457769903
executed,command,com.mulgasoft.emacsplus,3.6.5,"com.mulgasoft.emacsplus.nextLine",1355457769903
executed,command,org.eclipse.ui,3.7.0.v20110928-1505,"org.eclipse.ui.file.save",1355457770790
activated,view,org.eclipse.jdt.ui,3.7.2.v20120109-1427,"org.eclipse.jdt.ui.PackageExplorer",1355457779741
deactivated,workbench,org.eclipse.ui.workbench,3.7.1.v20120104-1859,"",1355457785451
activated,workbench,org.eclipse.ui.workbench,3.7.1.v20120104-1859,"",1355457801281
activated,editor,org.eclipse.jdt.ui,3.7.2.v20120109-1427,"org.eclipse.jdt.ui.CompilationUnitEditor",1355457817137
executed,command,org.eclipse.ui.workbench.texteditor,3.7.0.v20110928-1504,"org.eclipse.ui.edit.text.goto.lineDown",1355457821047
executed,command,com.mulgasoft.emacsplus,3.6.5,"com.mulgasoft.emacsplus.nextLine",1355457821048
executed,command,org.eclipse.ui.workbench.texteditor,3.7.0.v20110928-1504,"org.eclipse.ui.edit.text.goto.columnPrevious",1355457823964
executed,command,com.mulgasoft.emacsplus,3.6.5,"com.mulgasoft.emacsplus.backwardChar",1355457823965
executed,command,org.eclipse.ui,3.7.0.v20110928-1505,"org.eclipse.ui.file.save",1355457825017
executed,command,org.eclipse.ui.workbench.texteditor,3.7.0.v20110928-1504,"org.eclipse.ui.edit.text.goto.lineDown",1355457825198
executed,command,com.mulgasoft.emacsplus,3.6.5,"com.mulgasoft.emacsplus.nextLine",1355457825198
executed,command,org.eclipse.ui.workbench.texteditor,3.7.0.v20110928-1504,"org.eclipse.ui.edit.text.goto.columnNext",1355457825412
executed,command,com.mulgasoft.emacsplus,3.6.5,"com.mulgasoft.emacsplus.forwardChar",1355457825412
executed,command,org.eclipse.ui.workbench.texteditor,3.7.0.v20110928-1504,"org.eclipse.ui.edit.text.goto.columnNext",1355457825596
executed,command,com.mulgasoft.emacsplus,3.6.5,"com.mulgasoft.emacsplus.forwardChar",1355457825596
executed,command,org.eclipse.ui.workbench.texteditor,3.7.0.v20110928-1504,"org.eclipse.ui.edit.text.goto.lineDown",1355457828238
executed,command,com.mulgasoft.emacsplus,3.6.5,"com.mulgasoft.emacsplus.nextLine",1355457828238
executed,command,org.eclipse.ui.workbench.texteditor,3.7.0.v20110928-1504,"org.eclipse.ui.edit.text.goto.columnNext",1355457828484
executed,command,com.mulgasoft.emacsplus,3.6.5,"com.mulgasoft.emacsplus.forwardChar",1355457828484
executed,command,org.eclipse.ui.workbench.texteditor,3.7.0.v20110928-1504,"org.eclipse.ui.edit.text.goto.columnNext",1355457828708
executed,command,com.mulgasoft.emacsplus,3.6.5,"com.mulgasoft.emacsplus.forwardChar",1355457828708
executed,command,org.eclipse.ui.workbench.texteditor,3.7.0.v20110928-1504,"org.eclipse.ui.edit.text.goto.columnNext",1355457828900
executed,command,com.mulgasoft.emacsplus,3.6.5,"com.mulgasoft.emacsplus.forwardChar",1355457828900
executed,command,org.eclipse.ui.workbench.texteditor,3.7.0.v20110928-1504,"org.eclipse.ui.edit.text.goto.columnNext",1355457829101
executed,command,com.mulgasoft.emacsplus,3.6.5,"com.mulgasoft.emacsplus.forwardChar",1355457829101
executed,command,org.eclipse.ui,3.7.0.v20110928-1505,"org.eclipse.ui.file.save",1355457832333
deactivated,workbench,org.eclipse.ui.workbench,3.7.1.v20120104-1859,"",1355457859169
activated,workbench,org.eclipse.ui.workbench,3.7.1.v20120104-1859,"",1355457860736
activated,view,org.eclipse.jdt.ui,3.7.2.v20120109-1427,"org.eclipse.jdt.ui.PackageExplorer",1355457861408
activated,editor,org.eclipse.jdt.ui,3.7.2.v20120109-1427,"org.eclipse.jdt.ui.CompilationUnitEditor",1355457869062
activated,editor,org.eclipse.jdt.ui,3.7.2.v20120109-1427,"org.eclipse.jdt.ui.CompilationUnitEditor",1355457899478
executed,command,org.eclipse.ui,3.7.0.v20110928-1505,"org.eclipse.ui.file.save",1355457936617
activated,view,org.eclipse.jdt.ui,3.7.2.v20120109-1427,"org.eclipse.jdt.ui.PackageExplorer",1355457938351
deactivated,workbench,org.eclipse.ui.workbench,3.7.1.v20120104-1859,"",1355457939999
activated,workbench,org.eclipse.ui.workbench,3.7.1.v20120104-1859,"",1355457956120
activated,editor,org.eclipse.jdt.ui,3.7.2.v20120109-1427,"org.eclipse.jdt.ui.CompilationUnitEditor",1355457956672
executed,command,org.eclipse.ui,3.7.0.v20110928-1505,"org.eclipse.ui.file.save",1355457980320
activated,view,org.eclipse.jdt.ui,3.7.2.v20120109-1427,"org.eclipse.jdt.ui.PackageExplorer",1355457982257
deactivated,workbench,org.eclipse.ui.workbench,3.7.1.v20120104-1859,"",1355457983789
activated,workbench,org.eclipse.ui.workbench,3.7.1.v20120104-1859,"",1355458006952
activated,editor,org.eclipse.jdt.ui,3.7.2.v20120109-1427,"org.eclipse.jdt.ui.CompilationUnitEditor",1355458007516
executed,command,org.eclipse.ui.workbench.texteditor,3.7.0.v20110928-1504,"org.eclipse.ui.edit.text.goto.columnPrevious",1355458074700
executed,command,com.mulgasoft.emacsplus,3.6.5,"com.mulgasoft.emacsplus.backwardChar",1355458074700
executed,command,org.eclipse.ui.workbench.texteditor,3.7.0.v20110928-1504,"org.eclipse.ui.edit.text.goto.columnPrevious",1355458075011
executed,command,com.mulgasoft.emacsplus,3.6.5,"com.mulgasoft.emacsplus.backwardChar",1355458075011
executed,command,org.eclipse.ui.workbench.texteditor,3.7.0.v20110928-1504,"org.eclipse.ui.edit.text.goto.columnPrevious",1355458075195
executed,command,com.mulgasoft.emacsplus,3.6.5,"com.mulgasoft.emacsplus.backwardChar",1355458075195
activated,view,org.eclipse.jdt.ui,3.7.2.v20120109-1427,"org.eclipse.jdt.ui.PackageExplorer",1355458082707
deactivated,workbench,org.eclipse.ui.workbench,3.7.1.v20120104-1859,"",1355458084174
activated,workbench,org.eclipse.ui.workbench,3.7.1.v20120104-1859,"",1355458108320
activated,editor,org.eclipse.jdt.ui,3.7.2.v20120109-1427,"org.eclipse.jdt.ui.CompilationUnitEditor",1355458108857
executed,command,org.eclipse.ui,3.7.0.v20110928-1505,"org.eclipse.ui.file.save",1355458138849
deactivated,workbench,org.eclipse.ui.workbench,3.7.1.v20120104-1859,"",1355458142541
activated,workbench,org.eclipse.ui.workbench,3.7.1.v20120104-1859,"",1355458144160
activated,view,org.eclipse.jdt.ui,3.7.2.v20120109-1427,"org.eclipse.jdt.ui.PackageExplorer",1355458145212
deactivated,workbench,org.eclipse.ui.workbench,3.7.1.v20120104-1859,"",1355458146598
activated,workbench,org.eclipse.ui.workbench,3.7.1.v20120104-1859,"",1355458173994
activated,editor,org.eclipse.jdt.ui,3.7.2.v20120109-1427,"org.eclipse.jdt.ui.CompilationUnitEditor",1355458174785
executed,command,org.eclipse.ui.workbench.texteditor,3.7.0.v20110928-1504,"org.eclipse.ui.edit.text.goto.columnNext",1355458205578
executed,command,com.mulgasoft.emacsplus,3.6.5,"com.mulgasoft.emacsplus.forwardChar",1355458205578
executed,command,org.eclipse.ui,3.7.0.v20110928-1505,"org.eclipse.ui.file.save",1355458207803
executed,command,org.eclipse.ui.workbench.texteditor,3.7.0.v20110928-1504,"org.eclipse.ui.edit.text.goto.columnPrevious",1355458212155
executed,command,com.mulgasoft.emacsplus,3.6.5,"com.mulgasoft.emacsplus.backwardChar",1355458212155
executed,command,org.eclipse.ui,3.7.0.v20110928-1505,"org.eclipse.ui.edit.undo",1355458216609
executed,command,com.mulgasoft.emacsplus,3.6.5,"com.mulgasoft.emacsplus.undoRedo",1355458216609
executed,command,org.eclipse.ui.workbench.texteditor,3.7.0.v20110928-1504,"org.eclipse.ui.edit.text.goto.columnNext",1355458217642
executed,command,com.mulgasoft.emacsplus,3.6.5,"com.mulgasoft.emacsplus.forwardChar",1355458217642
executed,command,org.eclipse.ui,3.7.0.v20110928-1505,"org.eclipse.ui.file.save",1355458220081
executed,command,org.eclipse.ui,3.7.0.v20110928-1505,"org.eclipse.ui.file.save",1355458224646
executed,command,org.eclipse.ui,3.7.0.v20110928-1505,"org.eclipse.ui.file.save",1355458227134
executed,command,org.eclipse.ui,3.7.0.v20110928-1505,"org.eclipse.ui.file.save",1355458231474
activated,view,org.eclipse.jdt.ui,3.7.2.v20120109-1427,"org.eclipse.jdt.ui.PackageExplorer",1355458235318
deactivated,workbench,org.eclipse.ui.workbench,3.7.1.v20120104-1859,"",1355458236925
activated,workbench,org.eclipse.ui.workbench,3.7.1.v20120104-1859,"",1355458237633
activated,editor,org.eclipse.jdt.ui,3.7.2.v20120109-1427,"org.eclipse.jdt.ui.CompilationUnitEditor",1355458263776
executed,command,org.eclipse.ui.workbench.texteditor,3.7.0.v20110928-1504,"org.eclipse.ui.edit.text.goto.columnPrevious",1355458264705
executed,command,com.mulgasoft.emacsplus,3.6.5,"com.mulgasoft.emacsplus.backwardChar",1355458264706
executed,command,org.eclipse.ui.workbench.texteditor,3.7.0.v20110928-1504,"org.eclipse.ui.edit.text.cut.line.to.end",1355458268674
executed,command,com.mulgasoft.emacsplus,3.6.5,"com.mulgasoft.emacsplus.killLine",1355458268675
executed,command,org.eclipse.ui,3.7.0.v20110928-1505,"org.eclipse.ui.file.save",1355458269198
executed,command,com.mulgasoft.emacsplus,3.6.5,"com.mulgasoft.emacsplus.yank",1355458272588
executed,command,org.eclipse.ui,3.7.0.v20110928-1505,"org.eclipse.ui.file.save",1355458277609
executed,command,org.eclipse.ui.workbench.texteditor,3.7.0.v20110928-1504,"org.eclipse.ui.edit.text.goto.lineEnd",1355458277872
executed,command,com.mulgasoft.emacsplus,3.6.5,"com.mulgasoft.emacsplus.endLine",1355458277872
executed,command,org.eclipse.ui.workbench.texteditor,3.7.0.v20110928-1504,"org.eclipse.ui.edit.text.cut.line.to.end",1355458302578
executed,command,com.mulgasoft.emacsplus,3.6.5,"com.mulgasoft.emacsplus.killLine",1355458302578
executed,command,org.eclipse.ui.workbench.texteditor,3.7.0.v20110928-1504,"org.eclipse.ui.edit.text.goto.lineUp",1355458308078
executed,command,com.mulgasoft.emacsplus,3.6.5,"com.mulgasoft.emacsplus.previousLine",1355458308078
executed,command,org.eclipse.ui.workbench.texteditor,3.7.0.v20110928-1504,"org.eclipse.ui.edit.text.goto.lineStart",1355458309945
executed,command,com.mulgasoft.emacsplus,3.6.5,"com.mulgasoft.emacsplus.beginLine",1355458309945
executed,command,org.eclipse.ui.workbench.texteditor,3.7.0.v20110928-1504,"org.eclipse.ui.edit.text.cut.line.to.end",1355458310258
executed,command,com.mulgasoft.emacsplus,3.6.5,"com.mulgasoft.emacsplus.killLine",1355458310258
executed,command,org.eclipse.ui.workbench.texteditor,3.7.0.v20110928-1504,"org.eclipse.ui.edit.text.goto.columnPrevious",1355458318929
executed,command,com.mulgasoft.emacsplus,3.6.5,"com.mulgasoft.emacsplus.backwardChar",1355458318930
executed,command,org.eclipse.ui.workbench.texteditor,3.7.0.v20110928-1504,"org.eclipse.ui.edit.text.goto.columnNext",1355458322457
executed,command,com.mulgasoft.emacsplus,3.6.5,"com.mulgasoft.emacsplus.forwardChar",1355458322457
executed,command,org.eclipse.ui.workbench.texteditor,3.7.0.v20110928-1504,"org.eclipse.ui.edit.text.goto.columnNext",1355458322665
executed,command,com.mulgasoft.emacsplus,3.6.5,"com.mulgasoft.emacsplus.forwardChar",1355458322665
executed,command,org.eclipse.ui.workbench.texteditor,3.7.0.v20110928-1504,"org.eclipse.ui.edit.text.deleteNext",1355458323330
executed,command,org.eclipse.ui.workbench.texteditor,3.7.0.v20110928-1504,"org.eclipse.ui.edit.text.deleteNext",1355458323546
executed,command,org.eclipse.ui.workbench.texteditor,3.7.0.v20110928-1504,"org.eclipse.ui.edit.text.deleteNext",1355458323768
executed,command,org.eclipse.ui.workbench.texteditor,3.7.0.v20110928-1504,"org.eclipse.ui.edit.text.goto.lineEnd",1355458326010
executed,command,com.mulgasoft.emacsplus,3.6.5,"com.mulgasoft.emacsplus.endLine",1355458326010
executed,command,org.eclipse.ui,3.7.0.v20110928-1505,"org.eclipse.ui.file.save",1355458342034
executed,command,org.eclipse.ui,3.7.0.v20110928-1505,"org.eclipse.ui.file.save",1355458352674
executed,command,org.eclipse.ui.workbench.texteditor,3.7.0.v20110928-1504,"org.eclipse.ui.edit.text.goto.lineDown",1355458352915
executed,command,com.mulgasoft.emacsplus,3.6.5,"com.mulgasoft.emacsplus.nextLine",1355458352915
executed,command,org.eclipse.ui.workbench.texteditor,3.7.0.v20110928-1504,"org.eclipse.ui.edit.text.goto.lineDown",1355458353211
executed,command,com.mulgasoft.emacsplus,3.6.5,"com.mulgasoft.emacsplus.nextLine",1355458353211
executed,command,org.eclipse.ui,3.7.0.v20110928-1505,"org.eclipse.ui.file.save",1355458355535
activated,view,org.eclipse.jdt.ui,3.7.2.v20120109-1427,"org.eclipse.jdt.ui.PackageExplorer",1355458357467
deactivated,workbench,org.eclipse.ui.workbench,3.7.1.v20120104-1859,"",1355458359881
activated,workbench,org.eclipse.ui.workbench,3.7.1.v20120104-1859,"",1355458360501
activated,view,org.eclipse.ui.console,3.5.100.v20111007_r372,"org.eclipse.ui.console.ConsoleView",1355458372989
activated,editor,org.eclipse.jdt.ui,3.7.2.v20120109-1427,"org.eclipse.jdt.ui.CompilationUnitEditor",1355458373159
executed,command,org.eclipse.ui,3.7.0.v20110928-1505,"org.eclipse.ui.file.save",1355458403502
executed,command,org.eclipse.ui,3.7.0.v20110928-1505,"org.eclipse.ui.file.save",1355458406215
executed,command,org.eclipse.ui.workbench.texteditor,3.7.0.v20110928-1504,"org.eclipse.ui.edit.text.goto.columnPrevious",1355458407808
executed,command,com.mulgasoft.emacsplus,3.6.5,"com.mulgasoft.emacsplus.backwardChar",1355458407809
executed,command,org.eclipse.ui,3.7.0.v20110928-1505,"org.eclipse.ui.file.save",1355458408969
executed,command,org.eclipse.ui,3.7.0.v20110928-1505,"org.eclipse.ui.file.save",1355458411560
executed,command,org.eclipse.ui.workbench.texteditor,3.7.0.v20110928-1504,"org.eclipse.ui.edit.text.goto.columnNext",1355458413264
executed,command,com.mulgasoft.emacsplus,3.6.5,"com.mulgasoft.emacsplus.forwardChar",1355458413264
executed,command,org.eclipse.ui.workbench.texteditor,3.7.0.v20110928-1504,"org.eclipse.ui.edit.text.goto.columnNext",1355458413472
executed,command,com.mulgasoft.emacsplus,3.6.5,"com.mulgasoft.emacsplus.forwardChar",1355458413472
executed,command,org.eclipse.ui.workbench.texteditor,3.7.0.v20110928-1504,"org.eclipse.ui.edit.text.goto.columnNext",1355458413665
executed,command,com.mulgasoft.emacsplus,3.6.5,"com.mulgasoft.emacsplus.forwardChar",1355458413665
executed,command,org.eclipse.ui.workbench.texteditor,3.7.0.v20110928-1504,"org.eclipse.ui.edit.text.deleteNext",1355458413905
executed,command,org.eclipse.ui.workbench.texteditor,3.7.0.v20110928-1504,"org.eclipse.ui.edit.text.deleteNext",1355458414097
executed,command,org.eclipse.ui,3.7.0.v20110928-1505,"org.eclipse.ui.file.save",1355458415949
executed,command,org.eclipse.ui.workbench.texteditor,3.7.0.v20110928-1504,"org.eclipse.ui.edit.text.goto.columnNext",1355458416459
executed,command,com.mulgasoft.emacsplus,3.6.5,"com.mulgasoft.emacsplus.forwardChar",1355458416459
executed,command,org.eclipse.ui.workbench.texteditor,3.7.0.v20110928-1504,"org.eclipse.ui.edit.text.goto.columnNext",1355458416664
executed,command,com.mulgasoft.emacsplus,3.6.5,"com.mulgasoft.emacsplus.forwardChar",1355458416664
executed,command,org.eclipse.ui.workbench.texteditor,3.7.0.v20110928-1504,"org.eclipse.ui.edit.text.deleteNext",1355458417011
executed,command,org.eclipse.ui,3.7.0.v20110928-1505,"org.eclipse.ui.file.save",1355458417943
executed,command,org.eclipse.ui,3.7.0.v20110928-1505,"org.eclipse.ui.file.save",1355458422827
activated,view,org.eclipse.jdt.ui,3.7.2.v20120109-1427,"org.eclipse.jdt.ui.PackageExplorer",1355458426201
deactivated,workbench,org.eclipse.ui.workbench,3.7.1.v20120104-1859,"",1355458428904
activated,workbench,org.eclipse.ui.workbench,3.7.1.v20120104-1859,"",1355458429553
deactivated,workbench,org.eclipse.ui.workbench,3.7.1.v20120104-1859,"",1355458434892
activated,workbench,org.eclipse.ui.workbench,3.7.1.v20120104-1859,"",1355458460729
activated,editor,org.eclipse.jdt.ui,3.7.2.v20120109-1427,"org.eclipse.jdt.ui.CompilationUnitEditor",1355458460765
executed,command,org.eclipse.ui,3.7.0.v20110928-1505,"org.eclipse.ui.file.save",1355458463580
executed,command,org.eclipse.ui,3.7.0.v20110928-1505,"org.eclipse.ui.file.save",1355458465997
activated,view,org.eclipse.jdt.ui,3.7.2.v20120109-1427,"org.eclipse.jdt.ui.PackageExplorer",1355458514556
activated,editor,org.eclipse.jdt.ui,3.7.2.v20120109-1427,"org.eclipse.jdt.ui.CompilationUnitEditor",1355458519279
executed,command,org.eclipse.ui.workbench.texteditor,3.7.0.v20110928-1504,"org.eclipse.ui.edit.text.goto.lineStart",1355458520704
executed,command,com.mulgasoft.emacsplus,3.6.5,"com.mulgasoft.emacsplus.beginLine",1355458520704
executed,command,org.eclipse.ui.workbench.texteditor,3.7.0.v20110928-1504,"org.eclipse.ui.edit.text.goto.lineStart",1355458520952
executed,command,com.mulgasoft.emacsplus,3.6.5,"com.mulgasoft.emacsplus.beginLine",1355458520952
executed,command,org.eclipse.ui.workbench.texteditor,3.7.0.v20110928-1504,"org.eclipse.ui.edit.text.cut.line.to.end",1355458521267
executed,command,com.mulgasoft.emacsplus,3.6.5,"com.mulgasoft.emacsplus.killLine",1355458521267
executed,command,org.eclipse.ui.workbench.texteditor,3.7.0.v20110928-1504,"org.eclipse.ui.edit.text.cut.line.to.end",1355458521465
executed,command,com.mulgasoft.emacsplus,3.6.5,"com.mulgasoft.emacsplus.killLine",1355458521466
executed,command,org.eclipse.ui.workbench.texteditor,3.7.0.v20110928-1504,"org.eclipse.ui.edit.text.cut.line.to.end",1355458521639
executed,command,com.mulgasoft.emacsplus,3.6.5,"com.mulgasoft.emacsplus.killLine",1355458521640
executed,command,org.eclipse.ui.workbench.texteditor,3.7.0.v20110928-1504,"org.eclipse.ui.edit.text.cut.line.to.end",1355458521818
executed,command,com.mulgasoft.emacsplus,3.6.5,"com.mulgasoft.emacsplus.killLine",1355458521818
executed,command,org.eclipse.ui.workbench.texteditor,3.7.0.v20110928-1504,"org.eclipse.ui.edit.text.cut.line.to.end",1355458521984
executed,command,com.mulgasoft.emacsplus,3.6.5,"com.mulgasoft.emacsplus.killLine",1355458521984
executed,command,org.eclipse.ui.workbench.texteditor,3.7.0.v20110928-1504,"org.eclipse.ui.edit.text.cut.line.to.end",1355458522169
executed,command,com.mulgasoft.emacsplus,3.6.5,"com.mulgasoft.emacsplus.killLine",1355458522169
executed,command,org.eclipse.ui.workbench.texteditor,3.7.0.v20110928-1504,"org.eclipse.ui.edit.text.cut.line.to.end",1355458522535
executed,command,com.mulgasoft.emacsplus,3.6.5,"com.mulgasoft.emacsplus.killLine",1355458522535
executed,command,org.eclipse.ui.workbench.texteditor,3.7.0.v20110928-1504,"org.eclipse.ui.edit.text.goto.lineDown",1355458524498
executed,command,com.mulgasoft.emacsplus,3.6.5,"com.mulgasoft.emacsplus.nextLine",1355458524498
executed,command,org.eclipse.ui,3.7.0.v20110928-1505,"org.eclipse.ui.file.save",1355458527152
executed,command,org.eclipse.ui,3.7.0.v20110928-1505,"org.eclipse.ui.file.save",1355458581399
activated,view,org.eclipse.jdt.ui,3.7.2.v20120109-1427,"org.eclipse.jdt.ui.PackageExplorer",1355458583966
deactivated,workbench,org.eclipse.ui.workbench,3.7.1.v20120104-1859,"",1355458586770
activated,workbench,org.eclipse.ui.workbench,3.7.1.v20120104-1859,"",1355458621022
activated,editor,org.eclipse.jdt.ui,3.7.2.v20120109-1427,"org.eclipse.jdt.ui.CompilationUnitEditor",1355458621610
executed,command,org.eclipse.ui.workbench.texteditor,3.7.0.v20110928-1504,"org.eclipse.ui.edit.text.goto.lineDown",1355458628713
executed,command,com.mulgasoft.emacsplus,3.6.5,"com.mulgasoft.emacsplus.nextLine",1355458628713
executed,command,org.eclipse.ui.workbench.texteditor,3.7.0.v20110928-1504,"org.eclipse.ui.edit.text.deleteNext",1355458628967
executed,command,org.eclipse.ui.workbench.texteditor,3.7.0.v20110928-1504,"org.eclipse.ui.edit.text.deleteNext",1355458629182
executed,command,org.eclipse.ui.workbench.texteditor,3.7.0.v20110928-1504,"org.eclipse.ui.edit.text.goto.lineDown",1355458629512
executed,command,com.mulgasoft.emacsplus,3.6.5,"com.mulgasoft.emacsplus.nextLine",1355458629513
executed,command,org.eclipse.ui.workbench.texteditor,3.7.0.v20110928-1504,"org.eclipse.ui.edit.text.deleteNext",1355458629691
executed,command,org.eclipse.ui.workbench.texteditor,3.7.0.v20110928-1504,"org.eclipse.ui.edit.text.deleteNext",1355458629863
executed,command,org.eclipse.ui.workbench.texteditor,3.7.0.v20110928-1504,"org.eclipse.ui.edit.text.goto.lineUp",1355458630112
executed,command,com.mulgasoft.emacsplus,3.6.5,"com.mulgasoft.emacsplus.previousLine",1355458630112
executed,command,org.eclipse.ui.workbench.texteditor,3.7.0.v20110928-1504,"org.eclipse.ui.edit.text.goto.lineUp",1355458630304
executed,command,com.mulgasoft.emacsplus,3.6.5,"com.mulgasoft.emacsplus.previousLine",1355458630304
executed,command,com.mulgasoft.emacsplus,3.6.5,"com.mulgasoft.emacsplus.setMark",1355458630583
executed,command,org.eclipse.ui.workbench.texteditor,3.7.0.v20110928-1504,"org.eclipse.ui.edit.text.select.lineDown",1355458630761
executed,command,com.mulgasoft.emacsplus,3.6.5,"com.mulgasoft.emacsplus.nextLine",1355458630761
executed,command,org.eclipse.ui.workbench.texteditor,3.7.0.v20110928-1504,"org.eclipse.ui.edit.text.select.lineDown",1355458630943
executed,command,com.mulgasoft.emacsplus,3.6.5,"com.mulgasoft.emacsplus.nextLine",1355458630943
executed,command,org.eclipse.ui.workbench.texteditor,3.7.0.v20110928-1504,"org.eclipse.ui.edit.text.select.lineEnd",1355458631135
executed,command,com.mulgasoft.emacsplus,3.6.5,"com.mulgasoft.emacsplus.endLine",1355458631136
executed,command,org.eclipse.ui,3.7.0.v20110928-1505,"org.eclipse.ui.edit.cut",1355458631552
executed,command,org.eclipse.ui.workbench.texteditor,3.7.0.v20110928-1504,"org.eclipse.ui.edit.text.goto.lineDown",1355458637490
executed,command,com.mulgasoft.emacsplus,3.6.5,"com.mulgasoft.emacsplus.nextLine",1355458637490
executed,command,com.mulgasoft.emacsplus,3.6.5,"com.mulgasoft.emacsplus.yank",1355458638194
executed,command,org.eclipse.ui.workbench.texteditor,3.7.0.v20110928-1504,"org.eclipse.ui.edit.text.goto.lineStart",1355458639839
executed,command,com.mulgasoft.emacsplus,3.6.5,"com.mulgasoft.emacsplus.beginLine",1355458639839
executed,command,org.eclipse.ui.workbench.texteditor,3.7.0.v20110928-1504,"org.eclipse.ui.edit.text.goto.lineStart",1355458640087
